SKU,Product Title,Alibaba Category,Collection,Brief Description,Available Sizes,Material,Certifications,Unit Price – 1–9 units (USD FOB),Unit Price – 10–99 units (USD FOB),Unit Price – 100+ units (USD FOB),Minimum Order Quantity,Supply Ability (per month),Lead Time,Place of Origin,Brand,Port of Export,Payment Terms,Packaging,Product Image URL,Product Page URL,Keywords
LS-PALM-QP-ROUND,Commercial Artificial Queen Palm Tree — Round Pot,Artificial Plant & Flower/Artificial Trees/Artificial Palm Trees,Artificial Palm Trees,"Premium artificial Queen Palm purpose-built for hotel lobbies, resort pool areas and commercial atriums. Botanical-specimen PE fronds, individually hand-positioned for natural drape. Full NFPA 701 fire certification included. Factory-direct from Dongguan.","5 ft, 6 ft, 7 ft","Injection-moulded PE foliage, steel armature, fibreglass trunk, round ceramic-look pot","NFPA 701, EN 13501, GB 8624 B1",149.00,119.00,92.00,1,2000 pcs/month,15–30 days,"Dongguan, Guangdong, China",LaySun,Guangzhou / Shenzhen,"T/T, L/C, Western Union, PayPal",Individual export carton with foam padding; custom branding available,https://laysun.co/images/prod-palm-queen-round.webp,https://laysun.co/artificial-palm-trees,"artificial queen palm tree, commercial artificial palm, hotel lobby palm, fake palm indoor, NFPA 701 palm tree"
LS-PALM-QP-WHITE,Commercial Artificial Queen Palm Tree — White Pot,Artificial Plant & Flower/Artificial Trees/Artificial Palm Trees,Artificial Palm Trees,Contemporary white-pot Queen Palm for minimalist hotel lobbies and corporate reception areas. Same premium PE foliage and steel armature as our classic round-pot model. NFPA 701 certified.,"4 ft, 5 ft, 6 ft","Injection-moulded PE foliage, steel armature, fibreglass trunk, white ceramic-look pot","NFPA 701, EN 13501, GB 8624 B1",149.00,119.00,92.00,1,2000 pcs/month,15–30 days,"Dongguan, Guangdong, China",LaySun,Guangzhou / Shenzhen,"T/T, L/C, Western Union, PayPal",Individual export carton with foam padding; custom branding available,https://laysun.co/images/prod-palm-queen-white.webp,https://laysun.co/artificial-palm-trees,"artificial queen palm white pot, contemporary artificial palm, minimalist palm tree, office lobby palm"
LS-PALM-FAN-SINGLE,Commercial Artificial Single-trunk Fan Palm Tree,Artificial Plant & Flower/Artificial Trees/Artificial Palm Trees,Artificial Palm Trees,"Large-format single-trunk fan palm for double-height atriums, airport lounges, casino floors and shopping centre food courts. Available 7–10 ft with UV-stabilised PE foliage for outdoor pool deck applications. NFPA 701 certified.","7 ft, 8 ft, 9 ft, 10 ft","PE fan fronds, steel armature, textured fibreglass trunk, weighted planter base","NFPA 701, EN 13501, GB 8624 B1",149.00,119.00,92.00,1,2000 pcs/month,20–35 days,"Dongguan, Guangdong, China",LaySun,Guangzhou / Shenzhen,"T/T, L/C, Western Union, PayPal",Individual export carton with foam padding; custom branding available,https://laysun.co/images/prod-palm-fan-single.webp,https://laysun.co/artificial-palm-trees,"artificial fan palm tree, large indoor palm, washingtonia palm artificial, 10ft artificial palm, commercial fan palm"
LS-PALM-FAN-DOUBLE,Commercial Artificial Double-trunk Fan Palm Tree,Artificial Plant & Flower/Artificial Trees/Artificial Palm Trees,Artificial Palm Trees,"Statement double-trunk fan palm for landmark hospitality installations — resort lobbies, casino atriums, luxury retail. Dual-trunk configuration adds dramatic visual impact at 8–9 ft. NFPA 701 certified.","8 ft, 9 ft","PE fan fronds, dual steel armature cores, textured fibreglass trunks, weighted base","NFPA 701, EN 13501, GB 8624 B1",149.00,119.00,92.00,1,2000 pcs/month,20–35 days,"Dongguan, Guangdong, China",LaySun,Guangzhou / Shenzhen,"T/T, L/C, Western Union, PayPal",Individual export carton with foam padding; custom branding available,https://laysun.co/images/prod-palm-fan-double.webp,https://laysun.co/artificial-palm-trees,"double trunk artificial palm, twin trunk palm tree, large commercial palm, resort lobby palm"
LS-OLIVE-LS-NEW,LS New Style Commercial Artificial Olive Tree,Artificial Plant & Flower/Artificial Trees/Artificial Olive Trees,Artificial Olive Trees,"LaySun's flagship 2025 olive tree design with dense natural canopy and realistic gnarled trunk. Ideal for hotel lobbies, restaurant entrances and retail spaces. NFPA 701 fire-rated.","4 ft, 5 ft, 6 ft, 7 ft","PE foliage with silk olive leaves, steel wire branches, fibreglass trunk, pot included","NFPA 701, EN 13501, GB 8624 B1",89.00,71.00,55.00,1,2000 pcs/month,15–25 days,"Dongguan, Guangdong, China",LaySun,Guangzhou / Shenzhen,"T/T, L/C, Western Union, PayPal",Individual export carton with foam padding; custom branding available,https://laysun.co/images/prod-olive-ls-new.webp,https://laysun.co/artificial-olive-trees,"artificial olive tree commercial, fake olive tree indoor, hotel olive tree, restaurant olive tree, NFPA 701 olive tree"
LS-OLIVE-WOOD-TRUNK,LS Real Wood Trunk Artificial Olive Tree,Artificial Plant & Flower/Artificial Trees/Artificial Olive Trees,Artificial Olive Trees,Authentic real wood trunk gives unmatched realism for high-end hospitality and luxury retail. Natural dried and preserved timber trunk with PE olive foliage. Popular for boutique hotels and designer interiors.,"4 ft, 5 ft, 6 ft, 7 ft, 8 ft","PE foliage, natural preserved wood trunk, steel wire branches, decorative pot","NFPA 701, EN 13501, GB 8624 B1",89.00,71.00,55.00,1,2000 pcs/month,20–30 days,"Dongguan, Guangdong, China",LaySun,Guangzhou / Shenzhen,"T/T, L/C, Western Union, PayPal",Individual export carton with foam padding; custom branding available,https://laysun.co/images/prod-olive-ls-wood-trunk.webp,https://laysun.co/artificial-olive-trees,"real wood trunk artificial olive tree, authentic olive tree fake, luxury artificial olive tree, preserved wood trunk tree"
LS-OLIVE-OLD-STUMP,LS Old Stump Thick Trunk Artificial Olive Tree,Artificial Plant & Flower/Artificial Trees/Artificial Olive Trees,Artificial Olive Trees,Aged thick-trunk olive tree with a distinctive old-world character. Heavy stump-style base and gnarled trunk detail make this a standout piece for Mediterranean-themed hospitality and upscale dining.,"5 ft, 6 ft, 7 ft, 8 ft","PE foliage, thick fibreglass old-stump trunk with texture detail, heavy planter base","NFPA 701, EN 13501, GB 8624 B1",89.00,71.00,55.00,1,2000 pcs/month,20–30 days,"Dongguan, Guangdong, China",LaySun,Guangzhou / Shenzhen,"T/T, L/C, Western Union, PayPal",Individual export carton with foam padding; custom branding available,https://laysun.co/images/prod-olive-ls-old-stump.webp,https://laysun.co/artificial-olive-trees,"old stump olive tree artificial, thick trunk olive tree, aged olive tree fake, Mediterranean artificial tree"
LS-OLIVE-WIDE-CANOPY,LS Wide Canopy Artificial Olive Tree,Artificial Plant & Flower/Artificial Trees/Artificial Olive Trees,Artificial Olive Trees,"Extra-wide canopy for spacious commercial environments — hotel atriums, airport lounges, corporate reception halls. Wide-spreading branch architecture fills large open volumes effectively.","6 ft, 7 ft, 8 ft, 9 ft","Dense PE foliage, extended steel armature frame, fibreglass trunk, large planter","NFPA 701, EN 13501, GB 8624 B1",89.00,71.00,55.00,1,2000 pcs/month,20–30 days,"Dongguan, Guangdong, China",LaySun,Guangzhou / Shenzhen,"T/T, L/C, Western Union, PayPal",Individual export carton with foam padding; custom branding available,https://laysun.co/images/prod-olive-ls-wide-canopy.webp,https://laysun.co/artificial-olive-trees,"wide canopy artificial olive tree, large olive tree fake, atrium olive tree, corporate lobby olive tree"
LS-OLIVE-LARGE-TREE,LS Large Tree Artificial Olive — 9–10 ft,Artificial Plant & Flower/Artificial Trees/Artificial Olive Trees,Artificial Olive Trees,Flagship large-format olive tree at 9–10 ft for landmark hotel lobbies and major commercial installations. Reinforced frame for stability. Custom sizing and pot finishes available on request.,"9 ft, 10 ft","High-density PE foliage, reinforced steel armature, large fibreglass trunk, weighted base","NFPA 701, EN 13501, GB 8624 B1",89.00,71.00,55.00,1,2000 pcs/month,25–40 days,"Dongguan, Guangdong, China",LaySun,Guangzhou / Shenzhen,"T/T, L/C, Western Union, PayPal",Individual export carton with foam padding; custom branding available,https://laysun.co/images/prod-olive-ls-large-tree.webp,https://laysun.co/artificial-olive-trees,"large artificial olive tree 10ft, oversized fake olive tree, giant artificial tree commercial, hotel atrium tree"
LS-OLIVE-MULTI-BRANCH,Multi-branch Artificial Olive Tree,Artificial Plant & Flower/Artificial Trees/Artificial Olive Trees,Artificial Olive Trees,"Multi-stem branching architecture for a full, lush Mediterranean silhouette. Popular for restaurant terraces, hotel courtyards and retail window displays.","4 ft, 5 ft, 6 ft, 7 ft","PE foliage, multiple steel armature branches, fibreglass trunk, planter pot","NFPA 701, EN 13501, GB 8624 B1",89.00,71.00,55.00,1,2000 pcs/month,15–25 days,"Dongguan, Guangdong, China",LaySun,Guangzhou / Shenzhen,"T/T, L/C, Western Union, PayPal",Individual export carton with foam padding; custom branding available,https://laysun.co/images/prod-olive-multi-branch.webp,https://laysun.co/artificial-olive-trees,"multi branch artificial olive tree, bush olive tree fake, full canopy olive tree, restaurant olive tree"
LS-OLIVE-THICK-FORK,Thick Branch Double-fork Artificial Olive Tree,Artificial Plant & Flower/Artificial Trees/Artificial Olive Trees,Artificial Olive Trees,Bold double-forked trunk silhouette with heavy branches — strong architectural character for modern commercial interiors. Popular with interior designers specifying statement trees.,"5 ft, 6 ft, 7 ft, 8 ft","PE foliage, thick double-fork steel frame, fibreglass trunk, planter","NFPA 701, EN 13501, GB 8624 B1",89.00,71.00,55.00,1,2000 pcs/month,15–25 days,"Dongguan, Guangdong, China",LaySun,Guangzhou / Shenzhen,"T/T, L/C, Western Union, PayPal",Individual export carton with foam padding; custom branding available,https://laysun.co/images/prod-olive-thick-double-fork.webp,https://laysun.co/artificial-olive-trees,"double fork olive tree artificial, architectural fake tree, statement artificial olive, designer olive tree"
LS-OLIVE-FAN-SHAPE,Fan-shape Artificial Olive Tree — Round Pot,Artificial Plant & Flower/Artificial Trees/Artificial Olive Trees,Artificial Olive Trees,"Fan-spread canopy trained to a flat, graphic silhouette — suits narrow corridors, wall-adjacent placement and retail shop-in-shop displays. Pairs well with picture-frame lighting.","5 ft, 6 ft, 7 ft, 8 ft","PE foliage, fan-spread steel armature, fibreglass trunk, round planter pot","NFPA 701, EN 13501, GB 8624 B1",89.00,71.00,55.00,1,2000 pcs/month,15–25 days,"Dongguan, Guangdong, China",LaySun,Guangzhou / Shenzhen,"T/T, L/C, Western Union, PayPal",Individual export carton with foam padding; custom branding available,https://laysun.co/images/prod-olive-fan-shape.webp,https://laysun.co/artificial-olive-trees,"fan shape artificial olive tree, flat canopy olive tree, espalier fake tree, narrow space olive tree"
LS-OLIVE-SPHERICAL,Spherical 3D Canopy Artificial Olive Tree,Artificial Plant & Flower/Artificial Trees/Artificial Olive Trees,Artificial Olive Trees,"Perfect globe canopy — a contemporary topiary-style olive tree for high-end retail, luxury hotel lobbies and event design. Six sizes from 3–8 ft for multiple applications.","3 ft, 4 ft, 5 ft, 6 ft, 7 ft, 8 ft","Dense PE foliage, spherical wire cage armature, fibreglass trunk, planter","NFPA 701, EN 13501, GB 8624 B1",89.00,71.00,55.00,1,2000 pcs/month,20–30 days,"Dongguan, Guangdong, China",LaySun,Guangzhou / Shenzhen,"T/T, L/C, Western Union, PayPal",Individual export carton with foam padding; custom branding available,https://laysun.co/images/prod-olive-spherical.webp,https://laysun.co/artificial-olive-trees,"spherical olive tree artificial, ball canopy fake tree, topiary olive tree, globe artificial tree"
LS-OLIVE-LARGE-HEAD,Large Tree Head 3D Artificial Olive Tree,Artificial Plant & Flower/Artificial Trees/Artificial Olive Trees,Artificial Olive Trees,Oversized dense-canopy olive tree with a dramatic round head — visually dominant for hotel atrium centerpieces and major retail installations.,"6 ft, 7 ft, 8 ft","Dense PE foliage, large 3D wire-frame head, fibreglass trunk, planter","NFPA 701, EN 13501, GB 8624 B1",89.00,71.00,55.00,1,2000 pcs/month,20–30 days,"Dongguan, Guangdong, China",LaySun,Guangzhou / Shenzhen,"T/T, L/C, Western Union, PayPal",Individual export carton with foam padding; custom branding available,https://laysun.co/images/prod-olive-large-head.webp,https://laysun.co/artificial-olive-trees,"large head olive tree artificial, oversized canopy fake tree, atrium centerpiece tree, dense olive tree artificial"
LS-OLIVE-CROSS-BLACK,Cross Black Artificial Olive Tree,Artificial Plant & Flower/Artificial Trees/Artificial Olive Trees,Artificial Olive Trees,"Distinctive cross-branched trunk architecture with a dark finish — bold contemporary aesthetic for designer hotel bars, high-end restaurants and exclusive retail.","5 ft, 6 ft, 7 ft","PE foliage, cross-branch steel frame, dark fibreglass trunk, planter","NFPA 701, EN 13501, GB 8624 B1",89.00,71.00,55.00,1,2000 pcs/month,15–25 days,"Dongguan, Guangdong, China",LaySun,Guangzhou / Shenzhen,"T/T, L/C, Western Union, PayPal",Individual export carton with foam padding; custom branding available,https://laysun.co/images/prod-olive-cross-black.webp,https://laysun.co/artificial-olive-trees,"cross branch olive tree artificial, dark trunk fake tree, contemporary artificial tree, black trunk olive tree"
LS-OLIVE-FORK-STRAIGHT,Double-fork Straight Trunk Artificial Olive Tree,Artificial Plant & Flower/Artificial Trees/Artificial Olive Trees,Artificial Olive Trees,"Clean straight trunk with a natural double-fork split — versatile and widely specified for corporate offices, hotel corridors and retail environments.","5 ft, 6 ft, 7 ft","PE foliage, straight double-fork steel frame, fibreglass trunk, planter","NFPA 701, EN 13501, GB 8624 B1",89.00,71.00,55.00,1,2000 pcs/month,15–25 days,"Dongguan, Guangdong, China",LaySun,Guangzhou / Shenzhen,"T/T, L/C, Western Union, PayPal",Individual export carton with foam padding; custom branding available,https://laysun.co/images/prod-olive-double-fork-straight.webp,https://laysun.co/artificial-olive-trees,"straight trunk olive tree artificial, double fork fake tree, corporate olive tree, office artificial tree"
LS-OLIVE-STRAIGHT-BLACK,Straight Black Artificial Olive Tree,Artificial Plant & Flower/Artificial Trees/Artificial Olive Trees,Artificial Olive Trees,"Architectural straight-trunk olive with matte black trunk finish — a premium choice for contemporary hotel interiors, corporate HQ lobbies and boutique retail.","5 ft, 6 ft, 7 ft, 8 ft","PE foliage, straight steel frame, black-finish fibreglass trunk, planter","NFPA 701, EN 13501, GB 8624 B1",89.00,71.00,55.00,1,2000 pcs/month,15–25 days,"Dongguan, Guangdong, China",LaySun,Guangzhou / Shenzhen,"T/T, L/C, Western Union, PayPal",Individual export carton with foam padding; custom branding available,https://laysun.co/images/prod-olive-straight-black.webp,https://laysun.co/artificial-olive-trees,"black trunk artificial tree, straight black olive tree, modern fake tree, architectural artificial olive"
LS-OLIVE-WHITE-POT-FINE,White Pot Fine Branch Artificial Olive Tree,Artificial Plant & Flower/Artificial Trees/Artificial Olive Trees,Artificial Olive Trees,"Delicate fine-branch canopy in a contemporary white pot — perfect for minimalist interior design, Scandi-style hotels and premium corporate spaces.","5 ft, 6 ft, 7 ft","PE foliage, fine steel wire branches, fibreglass trunk, white ceramic-look pot","NFPA 701, EN 13501, GB 8624 B1",89.00,71.00,55.00,1,2000 pcs/month,15–25 days,"Dongguan, Guangdong, China",LaySun,Guangzhou / Shenzhen,"T/T, L/C, Western Union, PayPal",Individual export carton with foam padding; custom branding available,https://laysun.co/images/prod-olive-white-pot-fine.webp,https://laysun.co/artificial-olive-trees,"white pot olive tree artificial, fine branch fake tree, minimalist artificial tree, Scandi hotel tree"
LS-OLIVE-STANDARD,Standard Artificial Olive Tree,Artificial Plant & Flower/Artificial Trees/Artificial Olive Trees,Artificial Olive Trees,"Our most versatile commercial olive tree — a reliable workhorse specification for hotels, restaurants and corporate offices at 6–8 ft.","6 ft, 7 ft, 8 ft","PE foliage, steel wire branches, fibreglass trunk, standard planter pot","NFPA 701, EN 13501, GB 8624 B1",89.00,71.00,55.00,1,2000 pcs/month,15–25 days,"Dongguan, Guangdong, China",LaySun,Guangzhou / Shenzhen,"T/T, L/C, Western Union, PayPal",Individual export carton with foam padding; custom branding available,https://laysun.co/images/prod-olive-standard-678ft.webp,https://laysun.co/artificial-olive-trees,"standard artificial olive tree, 6ft 7ft 8ft olive tree fake, commercial olive tree, hotel olive tree"
LS-OLIVE-WHITE-POT,White Pot Artificial Olive Tree,Artificial Plant & Flower/Artificial Trees/Artificial Olive Trees,Artificial Olive Trees,"Classic olive canopy in a clean white round pot — a hotel designer favourite for its versatility across Mediterranean, contemporary and Japandi interior styles.","5 ft, 6 ft, 7 ft","PE foliage, steel wire branches, fibreglass trunk, white round pot","NFPA 701, EN 13501, GB 8624 B1",89.00,71.00,55.00,1,2000 pcs/month,15–25 days,"Dongguan, Guangdong, China",LaySun,Guangzhou / Shenzhen,"T/T, L/C, Western Union, PayPal",Individual export carton with foam padding; custom branding available,https://laysun.co/images/prod-olive-white-pot.webp,https://laysun.co/artificial-olive-trees,"white pot olive tree, artificial olive tree pot, hotel designer olive tree, Japandi fake tree"
LS-OLIVE-SINGLE-3BRANCH,Single Trunk Three-branch Artificial Olive Tree,Artificial Plant & Flower/Artificial Trees/Artificial Olive Trees,Artificial Olive Trees,"Single trunk with a balanced three-branch split — natural and proportioned. A popular specification for hotel room entries, restaurant dividers and retail corridor plantings.","4 ft, 5 ft, 6 ft, 7 ft","PE foliage, single trunk with three-branch steel frame, fibreglass trunk, planter","NFPA 701, EN 13501, GB 8624 B1",89.00,71.00,55.00,1,2000 pcs/month,15–25 days,"Dongguan, Guangdong, China",LaySun,Guangzhou / Shenzhen,"T/T, L/C, Western Union, PayPal",Individual export carton with foam padding; custom branding available,https://laysun.co/images/prod-olive-single-three-branch.webp,https://laysun.co/artificial-olive-trees,"three branch olive tree artificial, single trunk olive fake, balanced olive tree, corridor olive tree"
LS-OLIVE-2025-THICK,2025 Thick Straight Trunk Artificial Olive Tree,Artificial Plant & Flower/Artificial Trees/Artificial Olive Trees,Artificial Olive Trees,"New 2025 model with an extra-thick straight trunk for a more mature, established appearance. High demand from luxury hotel designers specifying updated interiors.","5 ft, 6 ft, 7 ft, 8 ft","PE foliage, thick straight fibreglass trunk, steel wire branches, planter","NFPA 701, EN 13501, GB 8624 B1",89.00,71.00,55.00,1,2000 pcs/month,15–25 days,"Dongguan, Guangdong, China",LaySun,Guangzhou / Shenzhen,"T/T, L/C, Western Union, PayPal",Individual export carton with foam padding; custom branding available,https://laysun.co/images/prod-olive-2025-thick-straight.webp,https://laysun.co/artificial-olive-trees,"2025 artificial olive tree, thick trunk olive fake, new model olive tree, mature olive tree artificial"
LS-OLIVE-GREEN-STEM,Green Stem Multi-branch Artificial Olive Tree,Artificial Plant & Flower/Artificial Trees/Artificial Olive Trees,Artificial Olive Trees,"Young green stem variant — lighter, fresher aesthetic with visible green branches contrasting with silver-green PE foliage. Suits eco-themed retail and biophilic office design.","5 ft, 6 ft, 7 ft","PE foliage, green-finish steel wire branches, fibreglass trunk, planter","NFPA 701, EN 13501, GB 8624 B1",89.00,71.00,55.00,1,2000 pcs/month,15–25 days,"Dongguan, Guangdong, China",LaySun,Guangzhou / Shenzhen,"T/T, L/C, Western Union, PayPal",Individual export carton with foam padding; custom branding available,https://laysun.co/images/prod-olive-green-stem.webp,https://laysun.co/artificial-olive-trees,"green stem olive tree artificial, young olive tree fake, biophilic office tree, eco retail tree"
LS-OLIVE-VELVET,Velvet Flock Artificial Olive Tree,Artificial Plant & Flower/Artificial Trees/Artificial Olive Trees,Artificial Olive Trees,"Unique velvet-flocked foliage finish for a tactile, ultra-realistic leaf texture. Preferred for close-contact display contexts — boutique hotel reception, luxury retail pop-up, event design.","5 ft, 6 ft","Velvet-flock coated foliage, steel wire branches, fibreglass trunk, planter","NFPA 701, EN 13501, GB 8624 B1",89.00,71.00,55.00,1,2000 pcs/month,20–30 days,"Dongguan, Guangdong, China",LaySun,Guangzhou / Shenzhen,"T/T, L/C, Western Union, PayPal",Individual export carton with foam padding; custom branding available,https://laysun.co/images/prod-olive-velvet.webp,https://laysun.co/artificial-olive-trees,"velvet flock olive tree, flocked artificial tree, luxury fake olive tree, tactile artificial tree, event tree"
LS-FLF-CURVED,Commercial Artificial Curved Trunk Fiddle Leaf Fig Tree,Artificial Plant & Flower/Artificial Trees/Artificial Ficus Trees,Artificial Fiddle Leaf Fig & Ficus,"The most-specified artificial fiddle leaf fig for interior designers — curved trunk, large dramatic leaves, ideal for hotel lobbies, corporate offices and residential commercial. NFPA 701 fire-rated.","5 ft, 6 ft, 7 ft","Large PE fiddle leaf fig leaves, curved steel armature trunk, weighted planter base","NFPA 701, EN 13501, GB 8624 B1",79.00,63.00,49.00,1,2000 pcs/month,15–25 days,"Dongguan, Guangdong, China",LaySun,Guangzhou / Shenzhen,"T/T, L/C, Western Union, PayPal",Individual export carton with foam padding; custom branding available,https://laysun.co/images/prod-flfig-curved.webp,https://laysun.co/artificial-fiddle-leaf-fig,"artificial fiddle leaf fig, fake fiddle leaf fig commercial, curved trunk fiddle leaf, hotel fiddle leaf fig, NFPA 701 fiddle leaf"
LS-FLF-WOOD-TRUNK,Commercial Artificial Real Wood Trunk Fiddle Leaf Fig Tree,Artificial Plant & Flower/Artificial Trees/Artificial Ficus Trees,Artificial Fiddle Leaf Fig & Ficus,Natural wood trunk gives unrivalled authenticity for premium hospitality interiors. Preserved timber trunk with hand-placed PE leaves — a top specification for luxury boutique hotels and designer showrooms.,6 ft,"Large PE fiddle leaf fig leaves, natural preserved wood trunk, planter base","NFPA 701, EN 13501, GB 8624 B1",79.00,63.00,49.00,1,2000 pcs/month,20–30 days,"Dongguan, Guangdong, China",LaySun,Guangzhou / Shenzhen,"T/T, L/C, Western Union, PayPal",Individual export carton with foam padding; custom branding available,https://laysun.co/images/prod-flfig-wood-trunk.webp,https://laysun.co/artificial-fiddle-leaf-fig,"real wood trunk fiddle leaf fig, authentic fake fiddle leaf, luxury artificial fiddle leaf, preserved wood tree"
LS-FLF-MULTI,Commercial Artificial Multi-branch Fiddle Leaf Fig Tree,Artificial Plant & Flower/Artificial Trees/Artificial Ficus Trees,Artificial Fiddle Leaf Fig & Ficus,"Multi-stem fiddle leaf fig with a full, lush silhouette — more dramatic visual impact than single-stem. Popular for hotel lounge areas and large corporate reception spaces.",7 ft,"PE fiddle leaf fig leaves, multi-stem steel armature, weighted planter","NFPA 701, EN 13501, GB 8624 B1",79.00,63.00,49.00,1,2000 pcs/month,20–30 days,"Dongguan, Guangdong, China",LaySun,Guangzhou / Shenzhen,"T/T, L/C, Western Union, PayPal",Individual export carton with foam padding; custom branding available,https://laysun.co/images/prod-flfig-multi-branch.webp,https://laysun.co/artificial-fiddle-leaf-fig,"multi branch fiddle leaf fig artificial, multi stem fiddle leaf fake, full fiddle leaf tree, lounge fiddle leaf fig"
LS-FICUS-LARGE-HEAD,Commercial Artificial Large Head Mini Ficus Tree,Artificial Plant & Flower/Artificial Trees/Artificial Ficus Trees,Artificial Fiddle Leaf Fig & Ficus,Oversized dense-canopy ficus with a proportionally large head — a bold statement piece for hotel atriums and large-volume commercial spaces at 8 ft.,8 ft,"Dense PE ficus leaves, large-head wire armature, fibreglass trunk, planter","NFPA 701, EN 13501, GB 8624 B1",79.00,63.00,49.00,1,2000 pcs/month,20–30 days,"Dongguan, Guangdong, China",LaySun,Guangzhou / Shenzhen,"T/T, L/C, Western Union, PayPal",Individual export carton with foam padding; custom branding available,https://laysun.co/images/prod-ficus-large-head.webp,https://laysun.co/artificial-fiddle-leaf-fig,"large head ficus artificial, oversized ficus tree, big canopy ficus fake, atrium ficus tree"
LS-FICUS-THREE-TRUNK,Commercial Artificial Three-trunk Real Wood Ficus Tree,Artificial Plant & Flower/Artificial Trees/Artificial Ficus Trees,Artificial Fiddle Leaf Fig & Ficus,Three-stem real wood ficus — dramatic multi-trunk configuration for high-impact hotel lobby installations. Natural wood trunks provide authentic texture and warmth.,"5 ft, 6 ft","PE ficus leaves, three natural wood trunks, planter base","NFPA 701, EN 13501, GB 8624 B1",79.00,63.00,49.00,1,2000 pcs/month,20–30 days,"Dongguan, Guangdong, China",LaySun,Guangzhou / Shenzhen,"T/T, L/C, Western Union, PayPal",Individual export carton with foam padding; custom branding available,https://laysun.co/images/prod-ficus-three-trunk.webp,https://laysun.co/artificial-fiddle-leaf-fig,"three trunk ficus artificial, multi trunk real wood ficus, natural ficus tree fake, luxury ficus tree"
LS-FICUS-TWO-TRUNK,Commercial Artificial Two-trunk Real Wood Ficus Tree,Artificial Plant & Flower/Artificial Trees/Artificial Ficus Trees,Artificial Fiddle Leaf Fig & Ficus,"Twin natural wood trunk ficus for a balanced, organic composition. Widely used in hotel room lobbies, spa reception and premium co-working environments.","5 ft, 6 ft","PE ficus leaves, twin natural wood trunks, planter base","NFPA 701, EN 13501, GB 8624 B1",79.00,63.00,49.00,1,2000 pcs/month,20–30 days,"Dongguan, Guangdong, China",LaySun,Guangzhou / Shenzhen,"T/T, L/C, Western Union, PayPal",Individual export carton with foam padding; custom branding available,https://laysun.co/images/prod-ficus-two-trunk.webp,https://laysun.co/artificial-fiddle-leaf-fig,"two trunk ficus artificial, twin trunk wood ficus, spa ficus tree, co-working artificial tree"
LS-FICUS-CURVED,Commercial Artificial Curved Trunk Ficus Tree,Artificial Plant & Flower/Artificial Trees/Artificial Ficus Trees,Artificial Fiddle Leaf Fig & Ficus,"Graceful curved-trunk ficus — a versatile specification at 4–6 ft for hotel corridors, restaurant dividers and retail displays. Strong seller in European hospitality markets.","4 ft, 5 ft, 6 ft","PE ficus leaves, curved fibreglass trunk, steel wire branches, planter","NFPA 701, EN 13501, GB 8624 B1",79.00,63.00,49.00,1,2000 pcs/month,15–25 days,"Dongguan, Guangdong, China",LaySun,Guangzhou / Shenzhen,"T/T, L/C, Western Union, PayPal",Individual export carton with foam padding; custom branding available,https://laysun.co/images/prod-ficus-curved.webp,https://laysun.co/artificial-fiddle-leaf-fig,"curved trunk ficus artificial, curved fake ficus, restaurant ficus tree, hotel corridor ficus"
LS-FICUS-VARIEGATED,Commercial Artificial Variegated White-edge Ficus Tree,Artificial Plant & Flower/Artificial Trees/Artificial Ficus Trees,Artificial Fiddle Leaf Fig & Ficus,"Distinctive white-edged variegated ficus — a design-forward choice for boutique hotels, contemporary retail and creative workspaces. Unusual variegated colouring attracts social media attention.","5 ft, 6 ft, 7 ft","Variegated PE ficus leaves (green with white edges), steel armature, fibreglass trunk, planter","NFPA 701, EN 13501, GB 8624 B1",79.00,63.00,49.00,1,2000 pcs/month,20–30 days,"Dongguan, Guangdong, China",LaySun,Guangzhou / Shenzhen,"T/T, L/C, Western Union, PayPal",Individual export carton with foam padding; custom branding available,https://laysun.co/images/prod-ficus-variegated.webp,https://laysun.co/artificial-fiddle-leaf-fig,"variegated ficus artificial, white edge ficus fake, designer ficus tree, boutique hotel tree, unique artificial tree"
LS-FLOWER-CAMELLIA-RED,Commercial Artificial Red Camellia Tree,Artificial Plant & Flower/Artificial Trees/Artificial Flower Trees,Artificial Flowering Trees,"Striking red camellia tree for hotel lobbies, event design and restaurant entrances. Vibrant silk camellia blooms at 2.5–7 ft. Fire-rated. Strong seasonal demand from hospitality buyers worldwide.","2.5 ft, 3 ft, 4 ft, 5 ft, 6 ft, 7 ft","Silk/PE red camellia blooms, wire branch frame, fibreglass trunk, decorative pot","NFPA 701, EN 13501, GB 8624 B1",45.00,36.00,28.00,1,2000 pcs/month,15–25 days,"Dongguan, Guangdong, China",LaySun,Guangzhou / Shenzhen,"T/T, L/C, Western Union, PayPal",Individual export carton with foam padding; custom branding available,https://laysun.co/images/prod-camellia-red.webp,https://laysun.co/artificial-flowering-trees,"artificial red camellia tree, fake camellia tree, floral artificial tree, hotel event tree, silk camellia tree"
LS-FLOWER-CAMELLIA-WHITE,Commercial Artificial White Camellia Tree,Artificial Plant & Flower/Artificial Trees/Artificial Flower Trees,Artificial Flowering Trees,"Elegant white camellia tree — a perennial choice for luxury hotel lobbies, bridal events and high-end retail displays. Clean and timeless in white.","4.5 ft, 6 ft","Silk/PE white camellia blooms, wire branch frame, fibreglass trunk, decorative pot","NFPA 701, EN 13501, GB 8624 B1",45.00,36.00,28.00,1,2000 pcs/month,15–25 days,"Dongguan, Guangdong, China",LaySun,Guangzhou / Shenzhen,"T/T, L/C, Western Union, PayPal",Individual export carton with foam padding; custom branding available,https://laysun.co/images/prod-camellia-white.webp,https://laysun.co/artificial-flowering-trees,"artificial white camellia tree, white floral tree fake, bridal event tree, luxury hotel flower tree"
LS-FLOWER-CAMELLIA-PINK,Commercial Artificial Pink Camellia Tree,Artificial Plant & Flower/Artificial Trees/Artificial Flower Trees,Artificial Flowering Trees,"Soft pink camellia tree — a romantic accent piece for boutique hotels, beauty spas, bridal suites and luxury retail displays.",4 ft,"Silk/PE pink camellia blooms, wire branch frame, fibreglass trunk, decorative pot","NFPA 701, EN 13501, GB 8624 B1",45.00,36.00,28.00,1,2000 pcs/month,15–25 days,"Dongguan, Guangdong, China",LaySun,Guangzhou / Shenzhen,"T/T, L/C, Western Union, PayPal",Individual export carton with foam padding; custom branding available,https://laysun.co/images/prod-camellia-pink.webp,https://laysun.co/artificial-flowering-trees,"artificial pink camellia tree, pink floral fake tree, spa hotel tree, romantic artificial tree"
LS-FLOWER-CAMELLIA-YELLOW,Commercial Artificial Yellow Camellia Tree,Artificial Plant & Flower/Artificial Trees/Artificial Flower Trees,Artificial Flowering Trees,"Bold yellow camellia tree for sunny, energetic commercial interiors — restaurant entrances, retail shopfronts and event installations requiring a warm colour accent.",6 ft,"Silk/PE yellow camellia blooms, wire branch frame, fibreglass trunk, decorative pot","NFPA 701, EN 13501, GB 8624 B1",45.00,36.00,28.00,1,2000 pcs/month,15–25 days,"Dongguan, Guangdong, China",LaySun,Guangzhou / Shenzhen,"T/T, L/C, Western Union, PayPal",Individual export carton with foam padding; custom branding available,https://laysun.co/images/prod-camellia-yellow.webp,https://laysun.co/artificial-flowering-trees,"artificial yellow camellia tree, yellow floral fake tree, bold flower tree commercial, warm colour artificial tree"
LS-FLOWER-HYDRANGEA-PINK,Commercial Artificial Pink Hydrangea Tree,Artificial Plant & Flower/Artificial Trees/Artificial Flower Trees,Artificial Flowering Trees,"Lush pink hydrangea ball tree — a popular choice for luxury wedding venues, boutique hotel lobbies and spa reception areas.",5 ft,"Silk/PE pink hydrangea clusters, wire branch frame, fibreglass trunk, decorative pot","NFPA 701, EN 13501, GB 8624 B1",45.00,36.00,28.00,1,2000 pcs/month,15–25 days,"Dongguan, Guangdong, China",LaySun,Guangzhou / Shenzhen,"T/T, L/C, Western Union, PayPal",Individual export carton with foam padding; custom branding available,https://laysun.co/images/prod-hydrangea-pink.webp,https://laysun.co/artificial-flowering-trees,"artificial pink hydrangea tree, fake hydrangea tree, wedding venue tree artificial, spa hotel flower tree"
LS-FLOWER-HYDRANGEA-PURPLE,Commercial Artificial Purple Hydrangea Tree,Artificial Plant & Flower/Artificial Trees/Artificial Flower Trees,Artificial Flowering Trees,"Rich purple hydrangea tree — luxurious accent for high-end event design, boutique hotel lobbies and upscale dining.",4 ft,"Silk/PE purple hydrangea clusters, wire branch frame, fibreglass trunk, decorative pot","NFPA 701, EN 13501, GB 8624 B1",45.00,36.00,28.00,1,2000 pcs/month,15–25 days,"Dongguan, Guangdong, China",LaySun,Guangzhou / Shenzhen,"T/T, L/C, Western Union, PayPal",Individual export carton with foam padding; custom branding available,https://laysun.co/images/prod-hydrangea-purple.webp,https://laysun.co/artificial-flowering-trees,"artificial purple hydrangea tree, fake purple flower tree, luxury event tree, boutique hotel purple tree"
LS-FLOWER-HYDRANGEA-BLUE,Commercial Artificial Blue Hydrangea Tree,Artificial Plant & Flower/Artificial Trees/Artificial Flower Trees,Artificial Flowering Trees,"Cool blue hydrangea tree — a calming presence for spa interiors, healthcare lobbies and contemporary hotel reception areas.",5 ft,"Silk/PE blue hydrangea clusters, wire branch frame, fibreglass trunk, decorative pot","NFPA 701, EN 13501, GB 8624 B1",45.00,36.00,28.00,1,2000 pcs/month,15–25 days,"Dongguan, Guangdong, China",LaySun,Guangzhou / Shenzhen,"T/T, L/C, Western Union, PayPal",Individual export carton with foam padding; custom branding available,https://laysun.co/images/prod-hydrangea-blue.webp,https://laysun.co/artificial-flowering-trees,"artificial blue hydrangea tree, blue flower tree fake, spa hydrangea tree, healthcare lobby tree"
LS-FLOWER-BOUG-WOOD,Commercial Artificial Real Wood Trunk Bougainvillea Tree,Artificial Plant & Flower/Artificial Trees/Artificial Flower Trees,Artificial Flowering Trees,"Magnificent bougainvillea tree with a genuine natural wood trunk — dripping with silk bracts. A dramatic centrepiece for resort lobbies, Mediterranean-themed restaurants and outdoor terrace displays.","6 ft, 7.5 ft, 8 ft","Silk bougainvillea bracts, natural preserved wood trunk with vine texture, planter base","NFPA 701, EN 13501, GB 8624 B1",45.00,36.00,28.00,1,2000 pcs/month,20–35 days,"Dongguan, Guangdong, China",LaySun,Guangzhou / Shenzhen,"T/T, L/C, Western Union, PayPal",Individual export carton with foam padding; custom branding available,https://laysun.co/images/prod-bougainvillea-wood-trunk.webp,https://laysun.co/artificial-flowering-trees,"artificial bougainvillea tree real wood, fake bougainvillea tree large, resort lobby bougainvillea, Mediterranean artificial tree"
LS-FLOWER-BOUG-PINK,Commercial Artificial Pink Bougainvillea Tree,Artificial Plant & Flower/Artificial Trees/Artificial Flower Trees,Artificial Flowering Trees,"Vivid pink bougainvillea tree for outdoor-feel commercial interiors, resort pools, restaurant terraces and tropical-themed retail displays. UV-stabilised version available.","5 ft, 6 ft, 7 ft","Silk pink bougainvillea bracts, steel wire trunk with vine texture, planter base","NFPA 701, EN 13501, GB 8624 B1",45.00,36.00,28.00,1,2000 pcs/month,15–25 days,"Dongguan, Guangdong, China",LaySun,Guangzhou / Shenzhen,"T/T, L/C, Western Union, PayPal",Individual export carton with foam padding; custom branding available,https://laysun.co/images/prod-bougainvillea-pink.webp,https://laysun.co/artificial-flowering-trees,"artificial pink bougainvillea tree, fake bougainvillea indoor, tropical artificial tree, resort bougainvillea"
LS-FLOWER-CHERRY-PINK,Commercial Artificial Pink Cherry Blossom Tree,Artificial Plant & Flower/Artificial Trees/Artificial Flower Trees,Artificial Flowering Trees,"Classic pink cherry blossom tree — the #1 event and retail flowering tree worldwide. Stunning in Japanese restaurant entrances, hotel lobbies for seasonal display and wedding venue design.","4 ft, 5 ft, 6 ft","Silk/polyester pink cherry blossom blooms, twisted branch wire frame, planter base","NFPA 701, EN 13501, GB 8624 B1",45.00,36.00,28.00,1,2000 pcs/month,15–25 days,"Dongguan, Guangdong, China",LaySun,Guangzhou / Shenzhen,"T/T, L/C, Western Union, PayPal",Individual export carton with foam padding; custom branding available,https://laysun.co/images/prod-cherry-pink.webp,https://laysun.co/artificial-flowering-trees,"artificial pink cherry blossom tree, fake sakura tree, wedding cherry blossom tree, Japanese restaurant tree"
LS-FLOWER-CHERRY-WHITE,Commercial Artificial White Cherry Blossom Tree,Artificial Plant & Flower/Artificial Trees/Artificial Flower Trees,Artificial Flowering Trees,"Pure white cherry blossom tree — an elegant neutral-toned choice for luxury hotel lobbies, bridal events, minimalist retail and any interior requiring understated floral impact.","5 ft, 6 ft","Silk/polyester white cherry blossom blooms, twisted branch wire frame, planter base","NFPA 701, EN 13501, GB 8624 B1",45.00,36.00,28.00,1,2000 pcs/month,15–25 days,"Dongguan, Guangdong, China",LaySun,Guangzhou / Shenzhen,"T/T, L/C, Western Union, PayPal",Individual export carton with foam padding; custom branding available,https://laysun.co/images/prod-cherry-white.webp,https://laysun.co/artificial-flowering-trees,"artificial white cherry blossom tree, white sakura tree fake, bridal tree artificial, elegant flower tree commercial"
LS-FLOWER-CHERRY-RED,Commercial Artificial Red Cherry Blossom Tree,Artificial Plant & Flower/Artificial Trees/Artificial Flower Trees,Artificial Flowering Trees,"Dramatic deep-red cherry blossom tree — bold and striking for hotel event spaces, Asian-theme restaurant design, CNY display and luxury retail.","5 ft, 6 ft","Silk/polyester deep red cherry blossom blooms, twisted branch wire frame, planter base","NFPA 701, EN 13501, GB 8624 B1",45.00,36.00,28.00,1,2000 pcs/month,15–25 days,"Dongguan, Guangdong, China",LaySun,Guangzhou / Shenzhen,"T/T, L/C, Western Union, PayPal",Individual export carton with foam padding; custom branding available,https://laysun.co/images/prod-cherry-red.webp,https://laysun.co/artificial-flowering-trees,"artificial red cherry blossom tree, deep red sakura tree fake, Chinese New Year tree, bold flower tree commercial"